,three,two,one
a,,0.5001017228622351,0.9447444168751575
d,-0.22082551647246035,0.33034161883967267,
c,-0.7157798454141046,0.2872665105617992,-0.4600242921064286
b,-0.31114988339853467,0.5257086072343395,-0.4799003513732166
